{"camera_matrix": [[354.51766302842515, 0.0, 303.6178800367285], [0.0, 357.7193962760343, 152.71617270730897], [0.0, 0.0, 1.0]], "distortions": [[-0.2522303212012626, 0.1238752104271044, 0.0027122718708629465, 0.00010758812242237637, -0.12209052878858191]]}